{"cameraMode":{"drawMode":0,"name":"Shaded","section":"Shading Mode"},"sceneLighting":false,"audioPlay":false,"sceneViewState":{"showFog":true,"showMaterialUpdate":false,"showSkybox":false,"showFlares":true,"showImageEffects":true,"showParticleSystems":true},"in2DMode":false,"pivot":{"x":-6.718510627746582,"y":0.28433871269226076,"z":26.281503677368165},"rotation":{"x":-0.025021987035870553,"y":-0.9739399552345276,"z":0.1805594265460968,"w":-0.13497419655323029},"size":22.0,"orthographic":false}