{"cameraMode":{"drawMode":0,"name":"Shaded","section":"Shading Mode"},"sceneLighting":false,"audioPlay":false,"sceneViewState":{"showFog":true,"showMaterialUpdate":false,"showSkybox":false,"showFlares":true,"showImageEffects":true,"showParticleSystems":true},"in2DMode":false,"pivot":{"x":-1.8686027526855469,"y":14.523038864135743,"z":1.6377334594726563},"rotation":{"x":-0.025021987035870553,"y":-0.9739399552345276,"z":0.1805594265460968,"w":-0.13497419655323029},"size":114.9085693359375,"orthographic":false}