{"cameraMode":{"drawMode":0,"name":"Shaded","section":"Shading Mode"},"sceneLighting":false,"audioPlay":false,"sceneViewState":{"showFog":true,"showMaterialUpdate":false,"showSkybox":false,"showFlares":true,"showImageEffects":true,"showParticleSystems":true},"in2DMode":false,"pivot":{"x":2.20217227935791,"y":0.8871955871582031,"z":1.3280515670776368},"rotation":{"x":-0.025021987035870553,"y":-0.9739399552345276,"z":0.1805594265460968,"w":-0.13497419655323029},"size":65.20945739746094,"orthographic":false}